city,year,index_2017,toronto_index_2017,vs_toronto
Toronto,1981,30.3,30.3,1.0
Toronto,1982,30.7,30.7,1.0
Toronto,1983,29.5,29.5,1.0
Toronto,1984,29.6,29.6,1.0
Toronto,1985,30.4,30.4,1.0
Toronto,1986,35.5,35.5,1.0
Toronto,1987,44.8,44.8,1.0
Toronto,1988,52.3,52.3,1.0
Toronto,1989,63.9,63.9,1.0
Toronto,1990,61.5,61.5,1.0
Toronto,1991,52.2,52.2,1.0
Toronto,1992,49.9,49.9,1.0
Toronto,1993,48.7,48.7,1.0
Toronto,1994,48.6,48.6,1.0
Toronto,1995,48.9,48.9,1.0
Toronto,1996,48.3,48.3,1.0
Toronto,1997,49.4,49.4,1.0
Toronto,1998,50.9,50.9,1.0
Toronto,1999,51.8,51.8,1.0
Toronto,2000,53.2,53.2,1.0
Toronto,2001,54.5,54.5,1.0
Toronto,2002,56.3,56.3,1.0
Toronto,2003,59.0,59.0,1.0
Toronto,2004,62.5,62.5,1.0
Toronto,2005,65.3,65.3,1.0
Toronto,2006,67.8,67.8,1.0
Toronto,2007,69.6,69.6,1.0
Toronto,2008,72.1,72.1,1.0
Toronto,2009,72.0,72.0,1.0
Toronto,2010,73.8,73.8,1.0
Toronto,2011,77.3,77.3,1.0
Toronto,2012,81.2,81.2,1.0
Toronto,2013,83.2,83.2,1.0
Toronto,2014,85.0,85.0,1.0
Toronto,2015,87.7,87.7,1.0
Toronto,2016,93.2,93.2,1.0
Toronto,2017,100.0,100.0,1.0
Toronto,2018,99.8,99.8,1.0
Toronto,2019,99.0,99.0,1.0
Toronto,2020,99.9,99.9,1.0
Toronto,2021,106.6,106.6,1.0
Toronto,2022,111.4,111.4,1.0
Toronto,2023,111.0,111.0,1.0
Toronto,2024,110.2,110.2,1.0
Toronto,2025,107.2,107.2,1.0
Toronto,2026,102.9,102.9,1.0
Oshawa,2016,96.7,93.2,1.038
Oshawa,2017,100.0,100.0,1.0
Oshawa,2018,101.0,99.8,1.012
Oshawa,2019,100.1,99.0,1.011
Oshawa,2020,101.7,99.9,1.019
Oshawa,2021,113.0,106.6,1.061
Oshawa,2022,118.0,111.4,1.06
Oshawa,2023,117.6,111.0,1.059
Oshawa,2024,117.4,110.2,1.066
Oshawa,2025,115.1,107.2,1.074
Oshawa,2026,110.7,102.9,1.076
Hamilton,1981,31.3,30.3,1.032
Hamilton,1982,33.3,30.7,1.082
Hamilton,1983,34.8,29.5,1.18
Hamilton,1984,36.5,29.6,1.233
Hamilton,1985,38.5,30.4,1.264
Hamilton,1986,42.4,35.5,1.195
Hamilton,1987,49.6,44.8,1.107
Hamilton,1988,55.3,52.3,1.058
Hamilton,1989,60.0,63.9,0.938
Hamilton,1990,61.3,61.5,0.997
Hamilton,1991,57.7,52.2,1.105
Hamilton,1992,55.6,49.9,1.114
Hamilton,1993,54.2,48.7,1.112
Hamilton,1994,54.0,48.6,1.111
Hamilton,1995,53.3,48.9,1.091
Hamilton,1996,52.9,48.3,1.095
Hamilton,1997,55.0,49.4,1.114
Hamilton,1998,56.8,50.9,1.115
Hamilton,1999,57.3,51.8,1.106
Hamilton,2000,58.8,53.2,1.104
Hamilton,2001,60.0,54.5,1.1
Hamilton,2002,62.6,56.3,1.111
Hamilton,2003,66.5,59.0,1.128
Hamilton,2004,70.1,62.5,1.122
Hamilton,2005,74.0,65.3,1.134
Hamilton,2006,78.1,67.8,1.153
Hamilton,2007,81.6,69.6,1.173
Hamilton,2008,83.9,72.1,1.164
Hamilton,2009,83.0,72.0,1.153
Hamilton,2010,84.3,73.8,1.142
Hamilton,2011,85.0,77.3,1.101
Hamilton,2012,86.3,81.2,1.063
Hamilton,2013,88.5,83.2,1.063
Hamilton,2014,90.9,85.0,1.069
Hamilton,2015,93.8,87.7,1.07
Hamilton,2016,96.4,93.2,1.034
Hamilton,2017,100.0,100.0,1.0
Hamilton,2018,101.3,99.8,1.014
Hamilton,2019,101.9,99.0,1.03
Hamilton,2020,104.9,99.9,1.05
Hamilton,2021,113.5,106.6,1.065
Hamilton,2022,113.9,111.4,1.023
Hamilton,2023,112.9,111.0,1.017
Hamilton,2024,111.6,110.2,1.013
Hamilton,2025,109.8,107.2,1.024
Hamilton,2026,106.0,102.9,1.03
Guelph,2016,96.5,93.2,1.035
Guelph,2017,100.0,100.0,1.0
Guelph,2018,101.3,99.8,1.014
Guelph,2019,102.1,99.0,1.031
Guelph,2020,106.5,99.9,1.066
Guelph,2021,117.2,106.6,1.1
Guelph,2022,119.7,111.4,1.075
Guelph,2023,119.0,111.0,1.071
Guelph,2024,118.4,110.2,1.075
Guelph,2025,117.3,107.2,1.095
Guelph,2026,115.0,102.9,1.117
Kitchener-Waterloo,1981,33.7,30.3,1.113
Kitchener-Waterloo,1982,35.0,30.7,1.138
Kitchener-Waterloo,1983,36.8,29.5,1.249
Kitchener-Waterloo,1984,38.2,29.6,1.289
Kitchener-Waterloo,1985,41.6,30.4,1.367
Kitchener-Waterloo,1986,47.6,35.5,1.341
Kitchener-Waterloo,1987,54.4,44.8,1.215
Kitchener-Waterloo,1988,59.3,52.3,1.135
Kitchener-Waterloo,1989,65.4,63.9,1.024
Kitchener-Waterloo,1990,66.7,61.5,1.085
Kitchener-Waterloo,1991,61.6,52.2,1.178
Kitchener-Waterloo,1992,59.7,49.9,1.195
Kitchener-Waterloo,1993,60.2,48.7,1.235
Kitchener-Waterloo,1994,58.6,48.6,1.206
Kitchener-Waterloo,1995,58.2,48.9,1.19
Kitchener-Waterloo,1996,58.0,48.3,1.201
Kitchener-Waterloo,1997,58.5,49.4,1.185
Kitchener-Waterloo,1998,59.8,50.9,1.174
Kitchener-Waterloo,1999,60.9,51.8,1.175
Kitchener-Waterloo,2000,63.3,53.2,1.189
Kitchener-Waterloo,2001,65.2,54.5,1.196
Kitchener-Waterloo,2002,67.9,56.3,1.204
Kitchener-Waterloo,2003,70.1,59.0,1.189
Kitchener-Waterloo,2004,73.2,62.5,1.173
Kitchener-Waterloo,2005,76.9,65.3,1.178
Kitchener-Waterloo,2006,80.0,67.8,1.181
Kitchener-Waterloo,2007,81.3,69.6,1.168
Kitchener-Waterloo,2008,83.2,72.1,1.155
Kitchener-Waterloo,2009,83.7,72.0,1.164
Kitchener-Waterloo,2010,84.8,73.8,1.149
Kitchener-Waterloo,2011,87.3,77.3,1.13
Kitchener-Waterloo,2012,89.8,81.2,1.106
Kitchener-Waterloo,2013,90.4,83.2,1.087
Kitchener-Waterloo,2014,91.2,85.0,1.073
Kitchener-Waterloo,2015,92.8,87.7,1.058
Kitchener-Waterloo,2016,94.7,93.2,1.016
Kitchener-Waterloo,2017,100.0,100.0,1.0
Kitchener-Waterloo,2018,100.7,99.8,1.008
Kitchener-Waterloo,2019,102.4,99.0,1.035
Kitchener-Waterloo,2020,108.7,99.9,1.088
Kitchener-Waterloo,2021,135.4,106.6,1.27
Kitchener-Waterloo,2022,154.0,111.4,1.383
Kitchener-Waterloo,2023,153.0,111.0,1.378
Kitchener-Waterloo,2024,150.6,110.2,1.366
Kitchener-Waterloo,2025,150.2,107.2,1.402
Kitchener-Waterloo,2026,146.7,102.9,1.425
